Date,Open,High,Low,Close,Adj Close,Volume
2016/9/7,220.119995,220.479996,219.580002,220.330002,200.572754,3668100
2016/9/8,219.889999,220.220001,219.429993,219.809998,200.09938,3038000
2016/9/9,218.270004,218.279999,214.479996,214.539993,195.301987,7335000
2016/9/12,213.589996,218.059998,213.539993,217.630005,198.114883,5111600
2016/9/13,216.050003,216.369995,213.75,214.470001,195.238266,6515400
2016/9/14,214.529999,215.929993,213.710007,214.350006,195.128983,4224600
2016/9/15,214.139999,216.970001,213.960007,216.520004,197.104446,3415600
2016/9/16,215.779999,216,214.869995,215.619995,196.28511,5064700
2016/9/19,216.490005,217.210007,215.339996,215.729996,196.385254,2090300
2016/9/20,216.710007,216.910004,215.690002,215.75,196.403488,2005800
2016/9/21,216.550003,218.360001,215.759995,218.160004,198.597336,4112100
2016/9/22,219.360001,219.880005,219.059998,219.5,199.817184,4355300
2016/9/23,219.059998,219.210007,218.229996,218.350006,198.770309,2483900
2016/9/26,216.25,216.460007,215.240005,215.449997,197.126175,3025900
2016/9/27,215.259995,216.899994,214.839996,216.759995,198.324753,3252400
2016/9/28,217.070007,218.029999,215.949997,217.899994,199.367767,2140200
2016/9/29,217.639999,218.100006,215.279999,215.940002,197.574493,3913200
2016/9/30,216.880005,218.350006,216.600006,217.559998,199.056717,3952800
2016/10/3,217.029999,217.270004,216.259995,216.889999,198.44368,4755900
2016/10/4,217.160004,217.399994,215.229996,215.940002,197.574493,3317900
2016/10/5,216.610001,217.350006,216.559998,216.889999,198.44368,2860600
2016/10/6,216.589996,217.259995,215.960007,217.100006,198.635834,2437600
2016/10/7,217.330002,217.580002,215.399994,216.25,197.858124,7719900
2016/10/10,216.25,217.929993,216.25,217.339996,198.855423,2642300
2016/10/11,216.880005,216.949997,213.789993,214.660004,196.403351,3985300
2016/10/12,214.820007,215.529999,214.229996,214.929993,196.650406,2415300
2016/10/13,213.350006,214.809998,212.410004,214.270004,196.046494,4465700
2016/10/14,215.389999,215.910004,214.25,214.289993,196.064804,3713000
2016/10/17,214.289993,214.600006,213.389999,213.580002,195.415176,2933000
2016/10/18,215.449997,215.5,214.490005,214.899994,196.62291,1602700
2016/10/19,215.199997,215.850006,214.820007,215.429993,197.10788,2718200
2016/10/20,215.100006,215.75,214.330002,215.059998,196.769333,2519600
2016/10/21,214.190002,215.300003,213.990005,215.160004,196.860825,2227300
2016/10/24,216.229996,216.529999,215.699997,216.110001,197.730057,2277700
2016/10/25,215.899994,216.199997,215.210007,215.419998,197.098724,2189300
2016/10/26,214.419998,215.639999,214.160004,214.970001,196.686981,2501100
2016/10/27,215.809998,215.830002,214.300003,214.380005,196.147171,2882200
2016/10/28,214.330002,215.139999,212.929993,213.75,195.570755,3880200
2016/10/31,214.160004,214.389999,213.570007,213.690002,195.515869,4264600
2016/11/1,214.130005,214.179993,210.789993,212.229996,194.180008,8079700
2016/11/2,211.869995,212.289993,210.410004,210.899994,192.963104,3790500
2016/11/3,211.169998,211.410004,209.639999,210.020004,192.157974,3740300
2016/11/4,210.089996,211.070007,209.570007,209.669998,191.837708,3932600
2016/11/7,212.649994,214.389999,212.490005,214.320007,196.092239,8402900
2016/11/8,213.919998,216,213.600006,215.309998,196.998077,6422200
2016/11/9,213.509995,218.339996,213.470001,217.690002,199.175644,9807400
2016/11/10,218.580002,219.550003,216.449997,218.119995,199.569077,8137500
2016/11/11,217.320007,217.919998,216.550003,217.729996,199.212234,7363300
2016/11/14,218.369995,218.5,216.949997,217.789993,199.267105,3748600
2016/11/15,218.289993,219.520004,218.020004,219.520004,200.849991,5305800
2016/11/16,218.779999,219.380005,218.669998,219.240005,200.593811,4249700
2016/11/17,219.320007,220.309998,219.169998,220.229996,201.499634,5754900
2016/11/18,220.309998,220.520004,219.529999,219.789993,201.097031,4573100
2016/11/21,220.419998,221.440002,220.259995,221.389999,202.560928,3181600
2016/11/22,221.800003,222.050003,220.990005,221.759995,202.899445,3062300
2016/11/23,221.25,222.029999,221.009995,222,203.119034,3758500
2016/11/25,222.360001,222.820007,222.289993,222.809998,203.860184,1850800
2016/11/28,222.429993,222.75,221.630005,221.830002,202.963531,4820900
2016/11/29,221.809998,222.720001,221.429993,222.190002,203.292892,3569400
2016/11/30,222.940002,223.100006,221.529999,221.529999,202.689072,6249100
2016/12/1,221.970001,221.979996,220.419998,220.729996,201.957123,3842700
2016/12/2,220.929993,221.5,220.520004,220.910004,202.121811,3309600
2016/12/5,221.940002,222.669998,221.699997,222.190002,203.292892,2441800
2016/12/6,222.509995,223.020004,221.929993,222.990005,204.024887,3124300
2016/12/7,222.830002,225.970001,222.660004,225.869995,206.659927,3498900
2016/12/8,225.899994,227.009995,225.559998,226.410004,207.154022,4668200
2016/12/9,226.720001,227.850006,226.690002,227.850006,208.471527,4484700
2016/12/12,227.740005,228.289993,227.089996,227.570007,208.215378,4742300
2016/12/13,228.380005,229.690002,228.339996,229.050003,209.569473,5940400
2016/12/14,228.740005,229.589996,226.690002,227.320007,207.986633,8447900
2016/12/15,227.5,229.160004,227.339996,228.080002,208.682007,4941200
2016/12/16,228.669998,228.740005,227.330002,227.729996,208.36174,5192900
2016/12/19,227.910004,228.679993,227.759995,228.149994,208.746002,4271800
2016/12/20,228.820007,229.240005,228.550003,229.050003,209.569473,3591800
2016/12/21,227.669998,227.830002,227.139999,227.179993,209.04866,2819700
2016/12/22,226.970001,227.100006,226.289993,226.850006,208.744995,2278500
2016/12/23,226.820007,227.080002,226.580002,227,208.882996,2612500
2016/12/27,227.389999,228.100006,227.389999,227.639999,209.471954,2560600
2016/12/28,227.949997,227.949997,225.639999,225.770004,207.75119,3972800
2016/12/29,225.850006,226.25,225.210007,225.75,207.732788,4484500
2016/12/30,226.130005,226.199997,224.089996,224.990005,207.033447,5462700
2017/1/3,226.399994,227.199997,225.240005,226.580002,208.496567,6396600
2017/1/4,226.960007,228.110001,226.949997,227.949997,209.757187,4099000
2017/1/5,227.630005,227.960007,226.850006,227.740005,209.56395,2970100
2017/1/6,227.910004,229.130005,227.279999,228.639999,210.39212,3110100
2017/1/9,228.270004,228.470001,227.809998,227.899994,209.711182,2360600
2017/1/10,227.830002,228.820007,227.380005,227.800003,209.619171,2961800
2017/1/11,227.759995,228.429993,226.960007,228.410004,210.180481,4012800
2017/1/12,227.880005,228.139999,226.320007,227.970001,209.77565,3535300
2017/1/13,228.130005,228.789993,228.070007,228.389999,210.162064,4580700
2017/1/17,227.710007,228.169998,227.190002,227.639999,209.471954,4929200
2017/1/18,227.949997,228.169998,227.289993,228.080002,209.876801,3209900
2017/1/19,228.210007,228.399994,226.789993,227.350006,209.205093,2606500
2017/1/20,228.080002,228.690002,227.440002,228.100006,209.895218,3079300
2017/1/23,227.740005,228.179993,226.660004,227.570007,209.407532,3772700
2017/1/24,227.800003,229.470001,227.660004,228.960007,210.68663,2515900
2017/1/25,230.089996,230.960007,229.889999,230.820007,212.398163,3868200
2017/1/26,230.789993,231.100006,230.399994,230.75,212.333694,3278100
2017/1/27,230.820007,230.960007,230.169998,230.399994,212.011627,2511700
2017/1/30,229.550003,229.600006,227.800003,229.029999,210.751007,3812200
2017/1/31,228.330002,228.970001,227.720001,228.929993,210.658981,4793200
2017/2/1,229.690002,229.970001,228.330002,229.050003,210.769394,6481000
2017/2/2,228.610001,229.479996,228.220001,229.130005,210.843048,3179300
2017/2/3,230.220001,230.929993,229.850006,230.789993,212.370529,1837300
2017/2/6,230.259995,230.720001,229.949997,230.380005,211.99324,1673600
2017/2/7,230.800003,231.059998,230.110001,230.369995,211.984039,2331400
2017/2/8,230,230.789993,229.720001,230.649994,212.24173,1963700
2017/2/9,230.960007,232.360001,230.929993,232,213.483994,3271500
2017/2/10,232.440002,233.190002,232.300003,232.910004,214.32135,2683900
2017/2/13,233.550003,234.509995,233.490005,234.199997,215.508377,2641400
2017/2/14,234.020004,235.149994,233.589996,235.139999,216.373367,3021100
2017/2/15,234.910004,236.600006,234.850006,236.339996,217.47757,3784200
2017/2/16,236.419998,236.600006,235.330002,236.220001,217.367188,3402600
2017/2/17,235.389999,236.509995,235.389999,236.490005,217.615585,2351800
2017/2/21,237,238.149994,236.990005,237.919998,218.931488,2596900
2017/2/22,237.479996,238.020004,237.300003,237.779999,218.802658,2950100
2017/2/23,238.380005,238.380005,237.029999,237.970001,218.977493,2238900
2017/2/24,236.929993,238.259995,236.880005,238.259995,219.244324,2465000
2017/2/27,238.110001,238.779999,237.820007,238.630005,219.584824,2435300
2017/2/28,238.179993,238.419998,237.5,238.029999,219.0327,3364100
2017/3/1,239.860001,241.809998,239.850006,241.220001,221.968109,4578700
2017/3/2,241.080002,241.080002,239.699997,239.830002,220.689041,3228100
2017/3/3,239.660004,240.110001,239.220001,239.970001,220.817902,3069600
2017/3/6,238.990005,239.600006,238.5,239.270004,220.173752,3257600
2017/3/7,238.850006,239.25,238.259995,238.570007,219.529633,7261900
2017/3/8,238.839996,239.089996,237.880005,238.089996,219.087906,3587300
2017/3/9,238.160004,238.710007,237.220001,238.320007,219.299576,2562300
2017/3/10,239.470001,239.520004,238.070007,239.149994,220.063309,2877600
2017/3/13,239.100006,239.339996,238.729996,239.289993,220.192154,1951900
2017/3/14,238.649994,238.729996,237.660004,238.440002,219.409973,2935700
2017/3/15,239.050003,240.929993,238.779999,240.389999,221.204361,3936800
2017/3/16,240.610001,240.699997,239.600006,240.080002,220.919083,4628900
2017/3/17,240.369995,240.490005,239.580002,239.589996,220.468201,3024300
2017/3/20,239.559998,239.869995,238.850006,239.279999,220.182938,2484800
2017/3/21,240.020004,240.119995,236.070007,236.259995,217.403961,4911900
2017/3/22,236.289993,237.100006,235.559998,236.779999,217.882523,3622600
2017/3/23,236.509995,237.839996,236.100006,236.520004,217.643219,6112400
2017/3/24,235.839996,236.5,234.429993,235.389999,217.552612,4124800
2017/3/27,233.399994,235.380005,233.100006,235.050003,217.238419,3365200
2017/3/28,234.729996,237.279999,234.619995,236.779999,218.837357,2979700
2017/3/29,236.479996,237.289993,236.199997,237.130005,219.160797,4213700
2017/3/30,236.949997,238.009995,236.759995,237.729996,219.715347,2521100
2017/3/31,237.369995,238,237.169998,237.270004,219.290176,5580600
2017/4/3,237.270004,237.520004,235.399994,236.869995,218.920441,6406000
2017/4/4,236.470001,237.059998,236.039993,236.979996,219.022156,3038100
2017/4/5,237.729996,238.869995,236.050003,236.279999,218.375183,5827700
2017/4/6,236.460007,237.5,235.919998,236.899994,218.948227,2329300
2017/4/7,236.619995,237.479996,236.119995,236.679993,218.744873,2278300
2017/4/10,236.860001,237.729996,236.240005,236.850006,218.902023,1921400
2017/4/11,236.369995,236.649994,234.809998,236.550003,218.624756,2701100
2017/4/12,236.229996,236.419998,235.25,235.589996,217.737473,3354000
2017/4/13,235.089996,235.949997,234.020004,234.029999,216.295731,3002800
2017/4/17,234.580002,236.059998,234.360001,236.059998,218.171875,2642000
2017/4/18,235.190002,235.960007,234.559998,235.350006,217.515671,2746600
2017/4/19,236.009995,236.440002,234.649994,234.940002,217.136734,2313000
2017/4/20,235.649994,237.330002,235.259995,236.729996,218.791092,4791400
2017/4/21,236.75,236.779999,235.610001,236.130005,218.236603,3469400
2017/4/24,238.710007,238.919998,238.119995,238.639999,220.556351,6335500
2017/4/25,239.410004,240.470001,239.309998,240.050003,221.859512,4150100
2017/4/26,240.050003,241.050003,239.860001,239.949997,221.76709,4795900
2017/4/27,240.289993,240.460007,239.479996,240.089996,221.896484,3394000
2017/4/28,240.449997,240.449997,239.449997,239.559998,221.406677,2590000
2017/5/1,240.190002,240.679993,239.699997,240.220001,222.016602,6852100
2017/5/2,240.389999,240.490005,239.820007,240.309998,222.099792,2639100
2017/5/3,239.809998,240.259995,239.220001,240.070007,221.877991,4750400
2017/5/4,240.369995,240.440002,239.279999,240.229996,222.025879,3997900
2017/5/5,240.679993,241.259995,240.199997,241.259995,222.977829,2574700
2017/5/8,241.309998,241.449997,240.690002,241.169998,222.894669,2412200
2017/5/9,241.5,241.699997,240.550003,240.990005,222.728287,2841500
2017/5/10,240.860001,241.399994,240.660004,241.380005,223.088745,1884900
2017/5/11,240.880005,241.080002,239.639999,240.940002,222.682098,2633100
2017/5/12,240.610001,240.699997,240.190002,240.570007,222.340134,2076100
2017/5/15,241,241.960007,240.970001,241.789993,223.467651,2124300
2017/5/16,242.169998,242.199997,241.149994,241.589996,223.282791,3787400
2017/5/17,239.619995,240.130005,237.240005,237.339996,219.354904,7002600
2017/5/18,237.190002,239.229996,236.910004,238.190002,220.140472,4584200
2017/5/19,238.809998,240.589996,238.770004,239.860001,221.683914,3052300
2017/5/22,240.389999,241.220001,240.330002,241,222.737503,2468500
2017/5/23,241.5,241.75,241.029999,241.520004,223.218124,2347500
2017/5/24,241.839996,242.25,241.460007,242.119995,223.772644,2053500
2017/5/25,242.729996,243.610001,242.5,243.270004,224.835541,2687800
2017/5/26,243.080002,243.419998,242.970001,243.229996,224.798553,2106500
2017/5/30,242.869995,243.320007,242.699997,243.080002,224.659882,2363800
2017/5/31,243.380005,243.429993,242.179993,242.899994,224.493576,3346400
2017/6/1,243.470001,244.889999,243.179993,244.889999,226.332764,3384800
2017/6/2,244.979996,245.910004,244.639999,245.669998,227.05365,3170600
2017/6/5,245.520004,245.839996,245.330002,245.509995,226.905762,1747300
2017/6/6,244.809998,245.509995,244.669998,244.850006,226.295822,3054600
2017/6/7,245.179993,245.479996,244.389999,245.25,226.665482,1759700
2017/6/8,245.330002,245.889999,244.75,245.320007,226.730164,2281700
2017/6/9,245.669998,246.570007,243.479996,244.940002,226.378952,5729500
2017/6/12,244.669998,244.979996,243.929993,244.910004,226.351242,3989400
2017/6/13,245.580002,246.190002,245.139999,246.110001,227.460327,3569400
2017/6/14,246.429993,246.490005,244.850006,245.839996,227.210754,5983400
2017/6/15,244.240005,245.470001,243.919998,245.380005,226.785629,3807800
2017/6/16,245.529999,245.539993,244.369995,245.179993,226.600754,6980200
2017/6/19,246.350006,247.490005,246.220001,247.389999,228.643311,5248700
2017/6/20,246.990005,247,245.75,245.779999,227.155304,2785600
2017/6/21,246.169998,246.339996,245.160004,245.679993,227.062866,3036400
2017/6/22,245.710007,246.289993,245.389999,245.600006,226.989014,2369700
2017/6/23,245.690002,246.270004,245.270004,245.850006,227.220001,2265200
2017/6/26,246.660004,247.139999,245.789993,246,227.358658,2729600
2017/6/27,244.619995,245.009995,242.940002,243.039993,225.647522,3772300
2017/6/28,244.160004,245.339996,243.860001,245.100006,227.560104,2858900
2017/6/29,245.309998,245.360001,241.580002,243.029999,225.63826,4611800
2017/6/30,243.929993,244.330002,243.199997,243.410004,225.991074,5779900
2017/7/3,244.5,245.009995,243.850006,243.869995,226.418121,2299900
2017/7/5,244.25,244.630005,243.330002,244.389999,226.900909,5422400
2017/7/6,243.529999,243.649994,241.960007,242.190002,224.858322,3827100
2017/7/7,242.820007,243.910004,242.639999,243.710007,226.269577,2466000
2017/7/10,243.570007,244.419998,243.399994,243.940002,226.483124,3397100
2017/7/11,243.800003,244.169998,242.479996,243.820007,226.371689,2684800
2017/7/12,244.970001,245.839996,244.960007,245.649994,228.07074,3137400
2017/7/13,245.690002,246.199997,245.419998,246.029999,228.423538,2612000
2017/7/14,246.089996,247.630005,245.970001,247.100006,229.417023,2222800
2017/7/17,247.130005,247.580002,246.979996,247.149994,229.463394,2890400
2017/7/18,246.720001,247.380005,246.320007,247.360001,229.658386,2576200
2017/7/19,247.710007,248.669998,247.679993,248.619995,230.828201,1787000
2017/7/20,248.960007,249.100006,248.149994,248.740005,230.939621,3551000
2017/7/21,248.110001,248.570007,247.839996,248.550003,230.763199,2592000
2017/7/24,248.449997,248.649994,247.949997,248.490005,230.707489,3197600
2017/7/25,249.360001,249.479996,248.839996,249.070007,231.246033,4710000
2017/7/26,249.440002,249.479996,248.800003,249.139999,231.310974,3766800
2017/7/27,249.660004,249.690002,247.339996,248.910004,231.097427,3435800
2017/7/28,248.320007,248.729996,247.800003,248.559998,230.772507,2469700
2017/7/31,249.039993,249.149994,248.199997,248.460007,230.679642,3440100
2017/8/1,249.149994,249.179993,248.479996,248.990005,231.171768,2712700
2017/8/2,249.160004,249.279999,248.050003,249.119995,231.292435,2860900
2017/8/3,248.979996,249.009995,248.320007,248.679993,230.883911,1906000
2017/8/4,249.199997,249.470001,248.649994,249.059998,231.23674,2099900
2017/8/7,249.169998,249.550003,249.039993,249.520004,231.663818,1464700
2017/8/8,249.190002,250.600006,248.509995,248.970001,231.153152,1873500
2017/8/9,248.119995,248.990005,247.729996,248.919998,231.106735,2358300
2017/8/10,247.949997,248.100006,245.350006,245.470001,227.903641,4153300
2017/8/11,245.649994,246.440002,245.389999,245.720001,228.135757,3288400
2017/8/14,247.25,248.449997,247.240005,248.169998,230.410431,2551800
2017/8/15,248.669998,248.669998,247.830002,248.149994,230.39183,2076100
2017/8/16,248.770004,249.240005,248.130005,248.600006,230.809631,3209000
2017/8/17,247.910004,248.270004,244.759995,244.800003,227.28157,4995100
2017/8/18,244.539993,245.800003,243.830002,244.25,226.77095,5010300
2017/8/21,244.25,244.820007,243.449997,244.589996,227.086624,3513900
2017/8/22,245.210007,247.279999,245.190002,247,229.324173,2191000
2017/8/23,245.970001,246.690002,245.809998,246.149994,228.534943,2485200
2017/8/24,246.660004,246.830002,245.389999,245.690002,228.107864,2317400
2017/8/25,246.559998,247.270004,246.050003,246.179993,228.562805,3189300
2017/8/28,246.809998,246.850006,245.75,246.229996,228.609222,1904700
2017/8/29,244.759995,246.809998,244.570007,246.539993,228.897049,3598200
2017/8/30,246.5,247.990005,246.289993,247.729996,230.001907,1941800
2017/8/31,248.389999,249.460007,248.300003,249.139999,231.310974,4855300
2017/9/1,249.630005,250.029999,249.380005,249.570007,231.710251,5905200
2017/9/5,248.910004,249.190002,246.619995,247.779999,230.048325,5105100
2017/9/6,248.550003,248.979996,247.910004,248.610001,230.818924,3783100
2017/9/7,248.960007,248.960007,248.089996,248.610001,230.818924,3547100
2017/9/8,248.190002,248.789993,247.990005,248.190002,230.42897,3297000
2017/9/11,249.75,251.009995,249.729996,250.899994,232.945053,3152100
2017/9/12,251.350006,251.809998,251.149994,251.800003,233.780624,2668600
2017/9/13,251.419998,251.940002,251.320007,251.910004,233.882751,2138400
2017/9/14,251.509995,252.029999,251.330002,251.820007,233.79924,3002700
2017/9/15,251.699997,252.240005,251.539993,252.139999,234.096313,2542700
2017/9/18,252.580002,253.089996,252.240005,252.710007,234.625534,1674500
2017/9/19,252.960007,253.050003,252.589996,252.949997,234.848312,3625800
2017/9/20,253.050003,253.160004,251.899994,253.100006,234.987625,5502200
2017/9/21,252.869995,252.949997,252.160004,252.360001,234.300568,2928800
2017/9/22,252.009995,252.600006,251.990005,252.369995,234.30986,2451400
2017/9/25,252.100006,252.520004,251.039993,251.889999,233.864182,5202900
2017/9/26,251.100006,251.369995,250.490005,250.75,233.998596,3614000
2017/9/27,251.600006,252.169998,250.550003,251.729996,234.913101,3769500
2017/9/28,251.380005,252.130005,251.320007,252,235.16507,2694800
2017/9/29,252.020004,253.020004,251.820007,252.929993,236.032959,5551700
2017/10/2,253.190002,253.990005,253.110001,253.970001,237.003464,4039300
2017/10/3,254.130005,254.589996,253.929993,254.570007,237.563431,2205200
2017/10/4,254.399994,255.149994,254.289993,254.899994,237.871338,2833800
2017/10/5,255.270004,256.420013,255.119995,256.380005,239.252472,4059000
2017/10/6,255.880005,256.190002,255.600006,256.109985,239.000473,8053000
2017/10/9,256.339996,256.420013,255.369995,255.679993,238.599213,1393500
2017/10/10,256.350006,256.769989,255.720001,256.339996,239.215149,3852700
2017/10/11,256.209991,256.73999,256.049988,256.709991,239.56041,3584300
2017/10/12,256.350006,256.779999,256.100006,256.339996,239.215149,3014200
2017/10/13,256.899994,257.01001,256.48999,256.630005,239.485764,2552700
2017/10/16,256.920013,257.23999,256.540009,257.049988,239.877716,2832900
2017/10/17,256.970001,257.25,256.720001,257.209991,240.027008,2220000
2017/10/18,257.640015,257.690002,257.23999,257.429993,240.232285,1734500
2017/10/19,256.570007,257.549988,256.079987,257.529999,240.325638,2578700
2017/10/20,258.480011,258.880005,258.160004,258.850006,241.55751,1985200
2017/10/23,259.209991,259.220001,257.75,257.859985,240.633606,3628500
2017/10/24,258.309998,258.559998,257.890015,258.25,240.997543,3478300
2017/10/25,257.899994,258.040009,255.720001,257.040009,239.868362,5029600
2017/10/26,257.75,258.029999,257.290009,257.350006,240.157654,4210700
2017/10/27,258.23999,259.640015,257.899994,259.410004,242.080063,2555400
2017/10/30,258.23999,259.350006,258.170013,258.519989,241.249496,4337100
2017/10/31,258.940002,259.190002,258.559998,258.809998,241.520111,3346600
2017/11/1,259.790009,260.190002,258.820007,259.230011,241.912079,2512300
2017/11/2,259.170013,259.48999,257.940002,259.369995,242.042694,3351500
2017/11/3,259.540009,260.25,259.059998,260.179993,242.798599,2690300
2017/11/6,260.040009,260.769989,259.98999,260.619995,243.209198,2437000
2017/11/7,260.799988,261.119995,259.869995,260.48999,243.087891,5422800
2017/11/8,260.25,261,259.940002,260.940002,243.507813,3850900
2017/11/9,259.48999,260.160004,258.109985,259.98999,242.621323,2986100
2017/11/10,259.480011,259.970001,259.130005,259.809998,242.453323,2804300
2017/11/13,259.059998,260.359985,259.019989,260.100006,242.723969,2445300
2017/11/14,259.140015,259.619995,258.279999,259.579987,242.238663,3737600
2017/11/15,258.390015,258.980011,257.380005,258.179993,240.93222,2710400
2017/11/16,259.299988,260.820007,259.26001,260.339996,242.947891,3554500
2017/11/17,259.880005,260.190002,259.540009,259.630005,242.285355,3205200
2017/11/20,259.910004,260.279999,259.609985,260.040009,242.667969,2784600
2017/11/21,260.950012,261.970001,260.869995,261.730011,244.245026,2927000
2017/11/22,261.76001,261.910004,261.339996,261.540009,244.067734,3531000
2017/11/24,262.059998,262.269989,261.950012,262.089996,244.580978,1197000
2017/11/27,262.179993,262.540009,261.790009,262.01001,244.506348,3676600
2017/11/28,262.589996,264.700012,262.450012,264.649994,246.970016,2258600
2017/11/29,264.839996,265.440002,264,264.480011,246.811401,3270400
2017/11/30,265.579987,267.869995,265.5,266.890015,249.060364,4903300
2017/12/1,266.609985,267.140015,262.570007,266.26001,248.472427,6305600
2017/12/4,268.130005,268.649994,265.950012,265.980011,248.211121,5241400
2017/12/5,266.440002,266.970001,264.839996,264.98999,247.287277,2910700
2017/12/6,265.170013,265.549988,264.529999,265.049988,247.343231,2297200
2017/12/7,264.899994,266.23999,264.769989,265.850006,248.089783,4922800
2017/12/8,267.26001,267.369995,266.559998,267.299988,249.442978,2625300
2017/12/11,268.220001,268.230011,267.329987,268.220001,250.301453,3461100
2017/12/12,269.049988,269.170013,268.190002,268.630005,250.684082,3373400
2017/12/13,268.899994,269.410004,268.51001,268.570007,250.628159,3387200
2017/12/14,268.929993,269.070007,267.440002,267.529999,249.657578,5997300
2017/12/15,268.700012,270.25,268.609985,269.790009,251.766586,7657200
2017/12/18,271.309998,271.839996,271.230011,271.470001,253.334381,5644300
2017/12/19,270.480011,270.480011,269.059998,269.130005,252.333923,5188400
2017/12/20,270.209991,270.299988,268.670013,268.98999,252.202728,3016100
2017/12/21,269.679993,270.339996,269.269989,269.529999,252.709,3886200
2017/12/22,269.549988,269.600006,268.859985,269.459991,252.643326,4577300
2017/12/26,269.040009,269.380005,268.850006,269.119995,252.324585,2800200
2017/12/27,269.299988,269.679993,268.970001,269.290009,252.483978,3319400
2017/12/28,269.799988,269.880005,269.410004,269.790009,252.952774,2614300
2017/12/29,270.5,270.5,268.589996,268.850006,252.071457,3368500
2018/1/2,269.839996,270.850006,269.369995,270.850006,253.94664,8545200
2018/1/3,271.049988,272.630005,270.950012,272.420013,255.418671,3768400
2018/1/4,273.230011,274.170013,273.109985,273.600006,256.524994,3394700
2018/1/5,274.549988,275.559998,273.980011,275.329987,258.147003,4150500
2018/1/8,275.369995,276.109985,274.98999,275.940002,258.718933,2881800
2018/1/9,276.440002,277.25,276.119995,276.570007,259.309631,3150200
2018/1/10,275.720001,276.440002,274.940002,276.130005,258.897125,3939800
2018/1/11,276.779999,278.130005,276.589996,278.089996,260.734772,3142200
2018/1/12,278.480011,280.149994,278.339996,279.910004,262.441132,4499700
2018/1/16,281.399994,282.149994,278.200012,278.899994,261.494232,6537800
2018/1/17,280.049988,282.109985,279.23999,281.679993,264.100708,4703500
2018/1/18,281.570007,282.01001,280.640015,281.26001,263.70697,3464000
2018/1/19,281.890015,282.48999,281.209991,282.48999,264.860199,4276200
2018/1/22,282.209991,284.76001,282.190002,284.730011,266.960449,4499700
2018/1/23,284.820007,285.700012,284.480011,285.390015,267.579193,3531200
2018/1/24,286.130005,286.799988,283.929993,285.23999,267.438568,5149700
2018/1/25,286.220001,286.350006,284.5,285.350006,267.541718,4014600
2018/1/26,286.350006,288.690002,286.059998,288.660004,270.645172,3379600
2018/1/29,288.109985,288.549988,286.619995,286.75,268.854309,4896200
2018/1/30,284.640015,285.380005,283.299988,283.649994,265.947784,7424400
2018/1/31,284.799988,285.399994,282.76001,284.149994,266.416565,6991100
2018/2/1,283.160004,285.160004,282.769989,283.790009,266.079071,4554900
2018/2/2,282.100006,282.290009,277.440002,277.529999,260.209808,6854100
2018/2/5,275.450012,277.859985,265.170013,266.049988,249.446182,14707500
2018/2/6,261.880005,271.640015,260.570007,271.26001,254.330994,16088400
2018/2/7,270.459991,274.359985,269.589996,269.589996,252.765274,9319000
2018/2/8,269.940002,270.119995,259.459991,259.619995,243.417435,9555900
2018/2/9,262.769989,265.540009,254.770004,263.670013,247.214752,15080700
2018/2/12,265.670013,268.929993,263.820007,267.179993,250.50563,6801400
2018/2/13,265.899994,268.559998,265.23999,267.959991,251.236923,4210500
2018/2/14,266.359985,271.980011,266.220001,271.649994,254.696609,6380400
2018/2/15,273.519989,275.029999,270.779999,275.019989,257.856354,5461700
2018/2/16,274.359985,277.359985,274.230011,275.089996,257.921967,4740000
2018/2/20,274.040009,275.690002,272.519989,273.410004,256.346863,5578500
2018/2/21,273.899994,276.730011,271.980011,272,255.024841,8167000
2018/2/22,273.130005,275.070007,271.630005,272.369995,255.371704,5544500
2018/2/23,273.850006,276.73999,273.290009,276.720001,259.450287,6619800
2018/2/26,277.959991,280.059998,277.329987,279.959991,262.488007,3803500
2018/2/27,280.200012,281.029999,276.410004,276.480011,259.22525,6107300
2018/2/28,277.73999,278.230011,273.329987,273.339996,256.28125,4951800
2018/3/1,273.459991,275.170013,267.950012,269.700012,252.868378,7706000
2018/3/2,267.690002,271.709991,266.769989,271.200012,254.274841,5459300
2018/3/5,269.709991,274.910004,269.589996,274.200012,257.087555,4124400
2018/3/6,275.290009,275.420013,273.190002,274.950012,257.790741,4385200
2018/3/7,272.429993,275.190002,272.230011,274.850006,257.696991,4153800
2018/3/8,275.570007,276.26001,274.450012,276.130005,258.897125,3448800
2018/3/9,277.769989,280.920013,277.390015,280.820007,263.294464,5534500
2018/3/12,281.320007,282,280.160004,280.589996,263.078796,3277300
2018/3/13,281.929993,282.5,278.109985,278.769989,261.372345,5284300
2018/3/14,279.899994,280.100006,276.73999,277.339996,260.031586,4153300
2018/3/15,277.959991,278.660004,276.470001,277.049988,259.759674,3443500
2018/3/16,277.660004,278.529999,277.299988,277.299988,259.993988,9106600
2018/3/19,276.48999,276.5,271.720001,273.579987,256.506226,4573300
2018/3/20,274.01001,274.76001,273.299988,274.059998,256.956329,5915200
2018/3/21,273.980011,276.399994,273.299988,273.559998,256.487518,4234400
2018/3/22,269.670013,270.730011,265.209991,265.470001,250.02562,4727500
2018/3/23,266,266.350006,259.609985,259.829987,244.713715,5833600
2018/3/26,264.070007,267.23999,261.190002,267,251.46666,6544700
2018/3/27,267.980011,268.589996,260.609985,262.320007,247.058914,5711000
2018/3/28,262.519989,264.440002,260.359985,261.619995,246.399658,5095300
2018/3/29,262.859985,267.049988,262.070007,265.369995,249.931442,5552000
2018/4/2,264.369995,264.929993,256.429993,259.209991,244.129837,6102600
2018/4/3,260.630005,263.040009,258.600006,262.579987,247.303772,6600400
2018/4/4,258.519989,266.170013,258.350006,265.630005,250.176376,3770100
2018/4/5,267.350006,268.420013,266.140015,267.480011,251.918701,3066000
2018/4/6,265.200012,266.940002,259.76001,261.570007,246.35257,5700200
2018/4/9,263.230011,266.640015,262.309998,262.700012,247.416794,3360400
2018/4/10,266.109985,267.859985,264.790009,266.970001,251.4384,4183900
2018/4/11,265.269989,267.429993,265.179993,265.519989,250.072708,2997600
2018/4/12,267.089996,268.820007,266.869995,267.790009,252.210739,2994000
2018/4/13,269.299988,269.359985,265.799988,266.970001,251.4384,4026400
2018/4/16,268.799988,270.029999,267.899994,269.190002,253.529236,3311600
2018/4/17,271.179993,272.730011,270.579987,272.070007,256.241638,2794900
2018/4/18,272.540009,273.140015,271.76001,272.190002,256.354675,2766900
2018/4/19,271.480011,271.709991,269.549988,270.720001,254.970276,2675400
2018/4/20,270.649994,270.890015,267.450012,268.440002,252.822845,2883800
2018/4/23,269.160004,269.720001,267.190002,268.440002,252.822845,2999700
2018/4/24,269.549988,269.799988,263.049988,264.890015,249.479431,4818200
2018/4/25,264.700012,265.920013,262.670013,265.420013,249.978577,3592500
2018/4/26,266.600006,269.059998,266.100006,268.149994,252.549713,2564300
2018/4/27,268.790009,269.179993,267.299988,268.390015,252.775803,3579900
2018/4/30,269.070007,269.700012,266.200012,266.309998,250.816803,3839400
2018/5/1,265.779999,266.920013,263.899994,266.829987,251.306488,2973500
2018/5/2,266.579987,267.480011,264.529999,264.970001,249.554779,3090300
2018/5/3,264,265.149994,260.809998,264.399994,249.017929,3409200
2018/5/4,263.309998,268.600006,262.940002,267.820007,252.238937,2378500
2018/5/7,268.75,269.839996,267.950012,268.790009,253.152466,2185200
2018/5/8,268.329987,269.130005,266.970001,268.679993,253.048889,3261000
2018/5/9,269.51001,271.720001,268.950012,271.440002,255.648285,3335400
2018/5/10,272.23999,274.269989,272.070007,273.899994,257.96524,3494500
2018/5/11,274.040009,275.040009,273.480011,274.470001,258.502045,2639000
2018/5/14,275.220001,275.940002,274.279999,274.820007,258.831665,1876000
2018/5/15,273.450012,273.5,271.910004,272.809998,256.93869,3820400
2018/5/16,272.980011,274.619995,272.980011,274.100006,258.153595,2068500
2018/5/17,273.820007,275.119995,272.980011,273.880005,257.946411,2289900
2018/5/18,273.48999,273.920013,272.809998,273.209991,257.315399,2262600
2018/5/21,274.859985,275.869995,274.459991,275.209991,259.198914,1796300
2018/5/22,275.859985,276.170013,274.130005,274.470001,258.502045,1919200
2018/5/23,273.049988,275.299988,272.920013,275.25,259.236633,2278200
2018/5/24,274.829987,275.119995,272.670013,274.75,258.765778,3192400
2018/5/25,274.049988,274.76001,273.459991,273.980011,258.040558,3327200
2018/5/29,272.160004,273.029999,269.619995,270.929993,255.167984,4176600
2018/5/30,272.450012,274.98999,272.299988,274.549988,258.577393,3904700
2018/5/31,274.089996,274.350006,272.140015,272.730011,256.863312,4633600
2018/6/1,274.320007,275.850006,274.269989,275.529999,259.500397,3247400
2018/6/4,276.399994,277.100006,276.190002,276.809998,260.705902,3088500
2018/6/5,276.929993,277.450012,276.100006,277.059998,260.941376,1810300
2018/6/6,277.730011,279.470001,277.01001,279.440002,263.182922,4836800
2018/6/7,279.899994,280.23999,278.269989,279.26001,263.013336,3081200
2018/6/8,278.779999,280.179993,278.600006,280.040009,263.748016,4139000
2018/6/11,280.339996,281.329987,280.25,280.51001,264.190613,2486100
2018/6/12,281.029999,281.290009,280.149994,280.890015,264.548584,3515500
2018/6/13,281.130005,281.440002,279.76001,279.920013,263.63501,3091200
2018/6/14,280.910004,281.279999,280.029999,280.709991,264.378998,3629100
2018/6/15,279.839996,280.700012,278.549988,280.309998,264.002258,5039000
2018/6/18,278.679993,279.910004,278.140015,279.700012,263.427795,3112600
2018/6/19,277.190002,278.929993,276.690002,278.670013,262.457733,4216500
2018/6/20,279.480011,279.910004,278.779999,279.25,263.003967,2562900
2018/6/21,279.149994,279.149994,276.839996,277.320007,261.186188,2569000
2018/6/22,278.890015,278.959991,277.660004,277.890015,261.723083,2197900
2018/6/25,276.600006,276.76001,272.230011,274.100006,258.153595,5407400
2018/6/26,273.5,274.399994,272.640015,273.470001,258.769623,2690800
2018/6/27,274.079987,275.709991,271.029999,271.119995,256.545898,6335400
2018/6/28,271.079987,273.609985,270.320007,272.820007,258.154541,5285700
2018/6/29,273.98999,275.540009,273.049988,273.049988,258.372162,7694400
2018/7/2,271.359985,273.940002,271.100006,273.820007,259.100769,4579700
2018/7/3,274.75,274.859985,272.290009,272.730011,258.069366,1367800
2018/7/5,274.049988,275.070007,272.829987,275.070007,260.283539,2605600
2018/7/6,275.029999,277.73999,274.619995,277.209991,262.308502,2942200
2018/7/9,278.450012,279.859985,278.420013,279.809998,264.768768,4775400
2018/7/10,280.200012,280.950012,280.01001,280.829987,265.733917,3426800
2018/7/11,279.070007,279.970001,278.450012,278.73999,263.756287,3781200
2018/7/12,280.179993,281.359985,279.540009,281.140015,266.027252,3444900
2018/7/13,281.119995,281.890015,280.600006,281.429993,266.301697,3122700
2018/7/16,281.600006,281.73999,280.799988,281.329987,266.207092,2224100
2018/7/17,280.399994,282.869995,280.359985,282.470001,267.285858,2322300
2018/7/18,282.549988,283.149994,282.01001,283.089996,267.872467,3603800
2018/7/19,282.269989,282.690002,281.420013,281.920013,266.765381,3220900
2018/7/20,281.709991,282.429993,281.450012,281.619995,266.481476,4868600
2018/7/23,281.399994,282.399994,280.980011,282.140015,266.973572,1879900
2018/7/24,283.720001,284.529999,282.609985,283.549988,268.307739,2253000
2018/7/25,283.350006,286.380005,283.269989,286.179993,270.796417,3297300
2018/7/26,285.179993,286.109985,285.079987,285.190002,269.859589,4088800
2018/7/27,285.700012,285.799988,282.359985,283.359985,268.127991,2798100
2018/7/30,283.470001,283.649994,281.309998,281.769989,266.623413,4929600
2018/7/31,282.829987,283.98999,282.350006,283.279999,268.052246,3589000
2018/8/1,283.459991,284.100006,282.109985,282.880005,267.673767,2679900
2018/8/2,281.350006,284.559998,281.119995,284.230011,268.951202,2327600
2018/8/3,284.529999,285.649994,284.320007,285.549988,270.200226,2257900
2018/8/6,285.549988,286.98999,285.200012,286.649994,271.241089,2988500
2018/8/7,287.429993,288.019989,287.25,287.470001,272.016998,5084500
2018/8/8,287.410004,287.940002,286.970001,287.369995,271.922333,3483800
2018/8/9,287.51001,287.98999,286.940002,287.109985,271.676361,2385500
2018/8/10,285.429993,286.040009,284.359985,285.070007,269.746002,3290500
2018/8/13,285.470001,286.170013,283.769989,284.109985,268.837646,3349700
2018/8/14,284.929993,286.160004,284.5,285.929993,270.559814,3217200
2018/8/15,284.369995,284.470001,282.149994,283.649994,268.402313,3848900
2018/8/16,285.369995,287.070007,285.369995,286.100006,270.720673,3367800
2018/8/17,285.869995,287.589996,285.399994,287.040009,271.610168,2975900
2018/8/20,287.600006,288.01001,287.070007,287.73999,272.272522,1853200
2018/8/21,288.309998,289.359985,288.130005,288.230011,272.736145,2667500
2018/8/22,287.910004,288.790009,287.600006,288.220001,272.726624,2124500
2018/8/23,287.970001,288.970001,287.470001,287.730011,272.263062,3325300
2018/8/24,288.480011,289.720001,288.420013,289.519989,273.956787,2451900
2018/8/27,290.899994,291.970001,290.730011,291.809998,276.123688,3759500
2018/8/28,292.390015,292.48999,291.470001,291.890015,276.199402,3556400
2018/8/29,292.25,293.829987,291.959991,293.540009,277.760742,2806000
2018/8/30,293,293.459991,291.700012,292.290009,276.577911,4669400
2018/8/31,291.929993,292.899994,291.369995,292.440002,276.719849,4983200
2018/9/4,291.940002,292.290009,290.76001,291.950012,276.256256,3480500
2018/9/5,291.5,291.700012,289.950012,291.160004,275.508636,7530000
2018/9/6,291.190002,291.570007,289.049988,290.309998,274.704315,3838800
2018/9/7,289,290.769989,288.769989,289.600006,274.032532,5450700
2018/9/10,290.820007,291.109985,289.940002,290.25,274.647552,2767500
2018/9/11,289.399994,291.619995,289.029999,291.220001,275.56543,3015600
2018/9/12,291.130005,291.859985,290.299988,291.23999,275.584351,2634400
2018/9/13,292.390015,293.119995,292.089996,292.920013,277.174011,1818000
2018/9/14,293.160004,293.359985,292.100006,292.910004,277.164612,2616900
2018/9/17,292.910004,292.940002,291.119995,291.440002,275.773682,2466900
2018/9/18,291.660004,293.690002,291.660004,293.070007,277.315948,2520100
2018/9/19,293.029999,293.799988,292.950012,293.279999,277.514679,2354100
2018/9/20,294.73999,296.070007,294.630005,295.76001,279.861359,3987700
2018/9/21,296.570007,296.690002,295.26001,295.359985,279.482849,3918800
2018/9/24,294.790009,294.940002,293.799988,294.470001,278.640747,3412700
2018/9/25,294.970001,295.070007,293.920013,294.160004,278.347473,3341900
2018/9/26,293.040009,294.410004,291.579987,292.019989,277.527222,4082400
2018/9/27,292.570007,294.070007,291.929993,292.820007,278.287476,2628200
2018/9/28,292.149994,293.440002,292.100006,292.730011,278.202026,5172100
2018/10/1,294.299988,295.100006,293.160004,293.869995,279.28537,3455400
2018/10/2,293.730011,294.529999,293.320007,293.75,279.171326,2927500
2018/10/3,294.920013,295.399994,293.51001,293.950012,279.36145,3473900
2018/10/4,293.390015,293.420013,289.820007,291.73999,277.261108,3837300
2018/10/5,291.869995,292.440002,288.359985,289.929993,275.540924,4367900
2018/10/8,289.170013,290.359985,287.600006,289.940002,275.550476,5377400
2018/10/9,289.549988,291.01001,288.929993,289.589996,275.217834,5886800
2018/10/10,288.940002,288.98999,279.940002,280.25,266.341339,8209500
2018/10/11,279.230011,280.970001,272.399994,274.329987,260.715149,10570100
2018/10/12,278.829987,279.140015,274.390015,278.029999,264.231537,7286400
2018/10/15,277.589996,279.089996,276.369995,276.529999,262.806,3517500
2018/10/16,278.649994,282.959991,278.130005,282.619995,268.593781,5113200
2018/10/17,282.549988,283.230011,279.630005,282.559998,268.536713,5944900
2018/10/18,281.470001,282.130005,277.019989,278.51001,264.687714,4418500
2018/10/19,279.26001,281.369995,277.589996,278.269989,264.459595,3043300
2018/10/22,279.059998,279.410004,276.440002,277.220001,263.461761,3852700
2018/10/23,272.959991,276.890015,270.609985,275.570007,261.893616,5541400
2018/10/24,275.390015,275.790009,266.640015,267.140015,253.882004,5209200
2018/10/25,269.369995,273.829987,268.200012,272.019989,258.519775,4590500
2018/10/26,267.869995,270.730011,264.23999,267.100006,253.843994,7153700
2018/10/29,270.839996,272.25,261.850006,265.609985,252.427917,6301500
2018/10/30,265.640015,270.119995,265.079987,269.859985,256.46701,9531100
2018/10/31,272.790009,275.23999,272.179993,272.76001,259.223083,7040700
2018/11/1,273.660004,275.76001,272.410004,275.420013,261.751099,3428700
2018/11/2,276.75,277.25,271.609985,273.890015,260.296997,3391900
2018/11/5,274.579987,276.040009,273.390015,275.570007,261.893616,5606200
2018/11/6,275.399994,277.339996,275.309998,277.160004,263.404663,2430900
2018/11/7,279.630005,283.230011,279.179993,283.130005,269.07843,7669100
2018/11/8,282.299988,283.329987,281.350006,282.519989,268.498688,7660600
2018/11/9,281.149994,281.339996,278.25,279.959991,266.065735,5327400
2018/11/12,279.25,279.51001,274.01001,274.51001,260.886261,3786800
2018/11/13,275.109985,277.369995,273.26001,274.109985,260.506073,5396800
2018/11/14,276.200012,276.649994,270.429993,272.209991,258.700409,4614900
2018/11/15,270.809998,275.570007,268.959991,274.959991,261.313904,6163900
2018/11/16,273.829987,276.730011,273.290009,275.73999,262.055206,3803900
2018/11/19,275.109985,275.369995,270.079987,271.130005,257.674011,3555700
2018/11/20,267.309998,268.959991,265.089996,266.100006,252.893631,6274100
2018/11/21,267.799988,269.089996,266.959991,266.959991,253.710922,4247100
2018/11/23,265.100006,266.76001,265.019989,265.309998,252.142822,1660900
2018/11/26,267.76001,269.529999,267.309998,269.470001,256.096375,3187200
2018/11/27,268.450012,270.350006,267.619995,270.320007,256.904205,4565100
2018/11/28,271.609985,276.630005,270.519989,276.630005,262.901062,5484700
2018/11/29,275.779999,277.630005,274.48999,276.070007,262.368835,4901300
2018/11/30,275.859985,278.380005,275.5,278,264.203003,7603600
2018/12/3,282.429993,282.579987,279.589996,281.369995,267.405792,5885800
2018/12/4,280.48999,280.929993,271.940002,272.529999,259.004486,6727800
2018/12/6,267.920013,271.970001,264.359985,271.820007,258.329742,8536300
2018/12/7,271.450012,273.269989,264.589996,265.600006,252.418442,6089100
2018/12/10,265.339996,267.119995,260.51001,266,252.798538,8522700
2018/12/11,269.609985,269.820007,264.410004,266.049988,252.846054,4526500
2018/12/12,269.480011,270.940002,267.350006,267.48999,254.214645,3879400
2018/12/13,268.440002,269.459991,266.070007,267.23999,253.977051,5215800
2018/12/14,264.899994,265.970001,261.75,262.399994,249.377274,6080500
2018/12/17,259.980011,261.109985,253.940002,255.649994,244.30481,9320600
2018/12/18,257.670013,258.350006,253.710007,255.619995,244.276138,10267600
2018/12/19,255.589996,259.829987,249.729996,251.740005,240.568314,13166500
2018/12/20,250.220001,251.940002,244.979996,247.429993,236.449585,13684400
2018/12/21,248.550003,251.410004,241.720001,242.350006,231.595016,14262700
2018/12/24,240.800003,242,236.039993,236.089996,225.612854,6419000
2018/12/26,237.729996,247.889999,235.460007,247.669998,236.678925,13154100
2018/12/27,244.330002,250.070007,240.669998,250.059998,238.962875,12693600
2018/12/28,251.029999,252.880005,247.949997,249.330002,238.572479,10856300
2018/12/31,251.039993,251.630005,248.990005,251.610001,240.754105,10117800
2019/1/2,247.539993,252.699997,247.419998,251.720001,240.859375,5980000
2019/1/3,249.789993,250.029999,245.080002,245.429993,234.840744,5831100
2019/1/4,249.059998,254.589996,248.639999,254.059998,243.098389,6430100
2019/1/7,254.240005,257.459991,253.210007,255.770004,244.734619,5961000
2019/1/8,258.380005,258.820007,255.520004,258.290009,247.145889,5348500
2019/1/9,259.089996,260.480011,257.720001,259.48999,248.294128,4097000
2019/1/10,257.820007,260.700012,257.079987,260.51001,249.270126,4325600
2019/1/11,259.23999,260.519989,258.570007,260.369995,249.136124,5111600
2019/1/14,258.399994,259.809998,257.950012,259.109985,247.930527,3709900
2019/1/15,259.369995,262.200012,259.369995,261.910004,250.609695,3781800
2019/1/16,262.359985,263.519989,262.160004,262.600006,251.269958,4387500
2019/1/17,261.619995,265.459991,261.519989,264.529999,253.116699,4446800
2019/1/18,266.559998,268.570007,265.700012,268.070007,256.503967,6994200
2019/1/22,266.369995,266.589996,262.640015,264.5,253.087936,5992300
2019/1/23,265.619995,266.339996,262.26001,264.880005,253.451538,6762400
2019/1/24,264.790009,265.769989,263.670013,265.140015,253.700333,3731700
2019/1/25,267.190002,268.269989,266.709991,267.5,255.958557,3333900
2019/1/28,265,265.410004,263.350006,265.350006,253.901245,4425100
2019/1/29,265.470001,266.089996,264.079987,264.980011,253.547272,4454100
2019/1/30,266.670013,270.119995,265.850006,269.230011,257.613892,5117200
2019/1/31,269.119995,272.029999,268.920013,271.549988,259.83371,6521800
2019/2/1,271.799988,272.839996,270.829987,271.700012,259.977325,3901800
2019/2/4,271.769989,273.670013,270.980011,273.649994,261.84317,2960200
2019/2/5,274.119995,275.079987,273.540009,274.820007,262.962646,4051300
2019/2/6,274.440002,274.980011,273.570007,274.410004,262.570343,3962600
2019/2/7,272.579987,273.179993,269.929993,271.829987,260.101685,6678000
2019/2/8,270.350006,272.149994,269.470001,272.130005,260.388763,2909300
2019/2/11,272.839996,273.149994,271.700012,272.279999,260.532318,2770300
2019/2/12,274.059998,276.200012,274,275.820007,263.919617,4285400
2019/2/13,276.720001,277.619995,276.25,276.660004,264.723297,2994400
2019/2/14,275.440002,277.309998,274.540009,276.029999,264.120514,7159700
2019/2/15,278.01001,279.160004,277.820007,279.160004,267.115448,4844200
2019/2/19,278.209991,280.299988,278.179993,279.549988,267.488556,4588400
2019/2/20,279.549988,280.630005,278.98999,280.089996,268.005341,5534300
2019/2/21,279.450012,279.790009,278.040009,279.209991,267.1633,3118300
2019/2/22,279.859985,281.079987,279.540009,280.820007,268.703796,4962900
2019/2/25,282.459991,283.059998,281.149994,281.26001,269.124878,4699300
2019/2/26,280.809998,282.019989,280.660004,281.049988,268.923859,4881300
2019/2/27,280.279999,281.309998,279.200012,280.910004,268.789917,3283800
2019/2/28,280.660004,281.179993,280.059998,280.320007,268.225403,4166100
2019/3/1,282.200012,282.619995,280.559998,282.309998,270.129486,4204000
2019/3/4,283.369995,283.570007,278.549988,281.160004,269.029175,4811800
2019/3/5,281.279999,281.48999,280.140015,280.799988,268.684631,2502400
2019/3/6,280.869995,280.880005,278.679993,279.01001,266.971924,3411700
2019/3/7,278.529999,278.660004,275.73999,276.76001,264.819031,4553800
2019/3/8,274.579987,276.329987,274.100006,276.200012,264.283142,5315800
2019/3/11,276.959991,280.350006,276.940002,280.209991,268.120117,3843700
2019/3/12,280.790009,281.799988,280.619995,281.200012,269.067444,2089500
2019/3/13,282.230011,284.130005,282.040009,283.149994,270.933289,2804600
2019/3/14,283.140015,283.600006,282.429993,283.01001,270.799347,2396400
2019/3/15,283.559998,285.209991,283.329987,284.279999,272.014526,3132400
2019/3/18,284.570007,285.670013,284.329987,285.410004,273.095734,3786200
2019/3/19,286.51001,287.399994,284.440002,285.540009,273.220215,5845600
2019/3/20,284.059998,285.380005,282.190002,283.390015,272.240356,4671800
2019/3/21,282.51001,287.070007,282.48999,286.570007,275.295197,3615200
2019/3/22,285.119995,285.709991,281.070007,281.160004,270.098053,6540600
2019/3/25,280.769989,282.079987,279.529999,280.910004,269.857849,4726400
2019/3/26,282.869995,284.089996,281.450012,282.959991,271.827209,4222700
2019/3/27,283.019989,283.660004,279.829987,281.579987,270.501526,3437000
2019/3/28,282.25,283.100006,280.959991,282.690002,271.567871,2380700
2019/3/29,284.309998,284.73999,283.029999,284.559998,273.364258,4331300
2019/4/1,286.640015,288.079987,286.350006,287.850006,276.524841,4170400
2019/4/2,287.970001,288.160004,287.040009,287.920013,276.592041,7162300
2019/4/3,289.25,289.700012,287.679993,288.440002,277.091644,3439000
2019/4/4,288.73999,289.390015,287.950012,289.130005,277.754486,3422400
2019/4/5,289.859985,290.559998,289.540009,290.450012,279.022552,3928500
2019/4/8,290.029999,290.850006,289.309998,290.769989,279.329926,2492300
2019/4/9,289.730011,290.019989,288.660004,289.269989,277.888947,3990400
2019/4/10,289.720001,290.339996,289.269989,290.220001,278.801605,2879200
2019/4/11,290.769989,290.779999,289.529999,290.200012,278.782379,2581400
2019/4/12,291.970001,292.440002,291.209991,292.160004,280.665253,2516100
2019/4/15,292.23999,292.309998,291.040009,291.920013,280.434662,3124800
2019/4/16,292.920013,292.980011,291.459991,292.140015,280.646027,3759000
2019/4/17,293.380005,293.390015,290.940002,291.369995,279.906342,4343000
2019/4/18,292.089996,292.279999,290.619995,292,280.511536,4367500
2019/4/22,291.130005,292.399994,291.040009,292.299988,280.799713,2879500
2019/4/23,292.649994,295.109985,292.399994,294.839996,283.239838,4574500
2019/4/24,294.75,295.140015,294.059998,294.220001,282.644196,2568500
2019/4/25,294.130005,294.76001,292.679993,294.040009,282.471313,1839000
2019/4/26,294.109985,295.5,293.209991,295.470001,283.845032,2160500
2019/4/29,295.51001,296.459991,295.410004,295.790009,284.152435,2986600
2019/4/30,295.48999,296.329987,293.910004,295.940002,284.296539,4549100
2019/5/1,296.730011,296.929993,293.769989,293.799988,282.240692,2952100
2019/5/2,293.640015,294.679993,291.48999,293.26001,281.721985,3279700
2019/5/3,294.790009,296.329987,294.570007,296.01001,284.3638,3160500
2019/5/6,291.220001,295.279999,290.880005,294.899994,283.297485,2792400
2019/5/7,292.130005,292.790009,287.75,289.910004,278.503784,5263000
2019/5/8,289.549988,291.380005,288.820007,289.519989,278.12915,5809800
2019/5/9,287.200012,289.23999,285.230011,288.720001,277.360565,4280900
2019/5/10,287.589996,290.899994,284.209991,290,278.590271,4329400
2019/5/13,284.309998,285.399994,281.839996,282.799988,271.673492,5831700
2019/5/14,283.910004,287.019989,283.75,285.320007,274.094391,3202800
2019/5/15,283.5,287.700012,283.25,287.029999,275.737061,3135500
2019/5/16,287.769989,291.170013,287.709991,289.559998,278.167572,3911200
2019/5/17,287.089996,290.540009,287.079987,287.899994,276.572876,3833300
2019/5/20,286.049988,287.369995,285.049988,285.980011,274.728424,2515800
2019/5/21,287.769989,288.859985,287.48999,288.480011,277.130066,3634900
2019/5/22,287.350006,288.600006,287.059998,287.649994,276.332672,3147400
2019/5/23,285.100006,285.109985,282.470001,284.059998,272.883911,4419100
2019/5/24,285.660004,286.119995,284.01001,284.76001,273.556427,1809900
2019/5/28,285.019989,286.079987,282.079987,282.079987,270.981812,2455600
2019/5/29,280.779999,281.200012,278.559998,280.23999,269.214203,6641200
2019/5/30,280.959991,281.920013,279.679993,280.869995,269.819397,3840000
2019/5/31,278.059998,278.959991,277.109985,277.299988,266.389893,5428400
2019/6/3,277.149994,278.390015,274.899994,276.380005,265.506073,5589700
2019/6/4,278.959991,282.579987,278.470001,282.440002,271.327698,3598900
2019/6/5,284.25,284.899994,282.209991,284.859985,273.652496,4673700
2019/6/6,285.209991,287.5,284.48999,286.76001,275.477753,4294500
2019/6/7,287.899994,290.829987,287.700012,289.670013,278.273254,3180200
2019/6/10,291.359985,292.809998,290.869995,291,279.550873,3862800
2019/6/11,293,293.420013,290.179993,290.950012,279.502869,2923100
2019/6/12,290.660004,291.25,289.829987,290.290009,278.868805,2310100
2019/6/13,291.399994,291.970001,290.630005,291.619995,280.146515,2305000
2019/6/14,291.309998,291.929993,290.399994,291.25,279.791046,2000100
2019/6/17,289.75,290.450012,289.410004,289.73999,280.050079,2511100
2019/6/18,291.630005,293.799988,291.25,292.450012,282.669464,4622700
2019/6/19,292.790009,293.890015,291.779999,293.23999,283.433014,7606200
2019/6/20,296.320007,296.570007,293.880005,296.019989,286.120056,4409000
2019/6/21,295.790009,297.200012,295.470001,295.570007,285.685089,3628100
2019/6/24,295.899994,296.269989,295.149994,295.269989,285.395142,3549200
2019/6/25,295.350006,295.410004,292.299988,292.410004,282.630829,2975600
2019/6/26,293.420013,293.98999,292.019989,292.079987,282.311798,4210200
2019/6/27,292.98999,293.730011,292.609985,293.279999,283.471741,2722100
2019/6/28,294.279999,295.209991,293.709991,294.75,284.892548,5751100
2019/7/1,298.369995,298.880005,296.019989,297.320007,287.376556,3919300
2019/7/2,297.290009,298.230011,296.369995,298.230011,288.256134,3786000
2019/7/3,298.890015,300.519989,298.75,300.480011,290.430969,1853800
2019/7/5,299.179993,300.359985,297.73999,300.100006,290.063599,2198200
2019/7/8,298.709991,299.049988,297.73999,298.549988,288.56543,2954400
2019/7/9,297.230011,299.26001,297.190002,299.029999,289.029388,1544300
2019/7/10,300.119995,301.390015,299.5,300.399994,290.353546,2498200
2019/7/11,301.049988,301.320007,299.929993,300.929993,290.865845,5142100
2019/7/12,301.609985,302.48999,301.26001,302.48999,292.373627,4346100
2019/7/15,302.859985,302.890015,301.970001,302.459991,292.344696,4400600
2019/7/16,302.410004,302.600006,301.190002,301.440002,291.358765,2233900
2019/7/17,301.470001,301.640015,299.480011,299.480011,289.464355,2142400
2019/7/18,298.890015,300.959991,298.420013,300.649994,290.595215,4370700
2019/7/19,301.779999,301.820007,298.690002,298.899994,288.903778,3510300
2019/7/22,299.329987,300.209991,298.769989,299.579987,289.561035,2571000
2019/7/23,300.910004,301.76001,299.959991,301.720001,291.629425,2209200
2019/7/24,300.940002,303.170013,300.829987,303.170013,293.030914,2390900
2019/7/25,302.709991,302.73999,300.829987,301.709991,291.619751,3671000
2019/7/26,302.5,303.980011,302.399994,303.769989,293.61087,2711600
2019/7/29,303.630005,303.679993,302.579987,303.220001,293.079285,2326300
2019/7/30,301.649994,302.899994,301.220001,302.480011,292.364044,4701600
2019/7/31,302.76001,302.940002,296.890015,299.230011,289.222717,8580600
2019/8/1,299.320007,302.600006,295.660004,296.519989,286.603333,10111600
2019/8/2,295.519989,295.809998,292.589996,294.420013,284.573608,7481100
2019/8/5,289.769989,289.850006,283.339996,285.570007,276.019531,6926000
2019/8/6,287.540009,289.690002,285.929993,289.380005,279.702148,5461900
2019/8/7,286.01001,290.459991,283.660004,289.660004,279.972809,5787700
2019/8/8,291.26001,295.279999,290.679993,295.279999,285.404846,5600900
2019/8/9,294.269989,294.950012,291.320007,293.359985,283.548981,4104700
2019/8/12,291.579987,292.209991,288.690002,289.809998,280.117737,2768300
2019/8/13,289.369995,295.839996,289,294.279999,284.438263,3622700
2019/8/14,289.700012,290.410004,285.399994,285.600006,276.048553,5805500
2019/8/15,286.519989,287.23999,284.019989,286.339996,276.763794,5784200
2019/8/16,288.140015,291.01001,288.079987,290.579987,280.861938,3906300
2019/8/19,293.859985,294.769989,293.140015,294.070007,284.235291,2828500
2019/8/20,293.48999,294.019989,291.609985,291.790009,282.031525,2987200
2019/8/21,294.149994,294.570007,293.429993,294.179993,284.341614,3004600
2019/8/22,294.950012,295.630005,292.100006,294.070007,284.235291,4230200
2019/8/23,292.630005,294.450012,285.100006,286.470001,276.889465,6060200
2019/8/26,288.910004,289.660004,287.23999,289.660004,279.972809,2675200
2019/8/27,291.209991,291.609985,287.690002,288.549988,278.899902,3416400
2019/8/28,287.75,290.709991,286.890015,290.5,280.784668,3827600
2019/8/29,293.429993,294.839996,292.299988,294.279999,284.438263,3544700
2019/8/30,295.959991,295.959991,293.119995,294.269989,284.428558,4786600
2019/9/3,292.26001,293.290009,290.950012,292.410004,282.630829,4419500
2019/9/4,294.859985,295.769989,294.049988,295.76001,285.868744,2741800
2019/9/5,298.540009,300.600006,298.399994,299.630005,289.609344,4005000
2019/9/6,299.940002,300.51001,299.200012,299.829987,289.802612,3937500
2019/9/9,300.929993,300.980011,298.910004,299.970001,289.937958,2973000
2019/9/10,299.079987,299.950012,297.709991,299.950012,289.91864,2416700
2019/9/11,300.25,302.119995,299.540009,302.119995,292.016083,2935100
2019/9/12,303.019989,304.25,302.220001,303.079987,292.943939,4597600
2019/9/13,303.559998,303.950012,302.440002,302.869995,292.740997,4257000
2019/9/16,301.570007,302.399994,301.200012,301.980011,291.880768,2277400
2019/9/17,301.679993,302.779999,301.540009,302.709991,292.586334,3919700
2019/9/18,302.25,303,300.01001,302.929993,292.79892,3060100
2019/9/19,303.329987,304.399994,302.48999,302.890015,292.760315,5068000
2019/9/20,303.559998,303.839996,300.600006,301.220001,291.146179,5885200
2019/9/23,300.690002,302.109985,300.440002,301.380005,291.300781,4628800
2019/9/24,301.070007,301.529999,296.470001,297.51001,288.982239,6186800
2019/9/25,297.570007,299.76001,295.970001,299.190002,290.614075,3626300
2019/9/26,299.279999,299.5,297.100006,298.589996,290.031281,3102400
2019/9/27,299.529999,299.600006,295.339996,297,288.486847,3287300
2019/9/30,297.609985,299.190002,297.559998,298.519989,289.963257,3805200
2019/10/1,299.399994,300.119995,294.630005,294.910004,286.456757,4889900
2019/10/2,293.149994,293.149994,288.23999,289.630005,281.328125,6358200
2019/10/3,289.399994,292.059998,286.420013,292.040009,283.669037,4787000
2019/10/4,292.790009,296.26001,292.75,296.019989,287.534943,4951200
2019/10/7,295.140015,296.920013,294.420013,294.690002,286.243073,2631600
2019/10/8,292.660004,293.450012,290.109985,290.130005,281.813782,3984900
2019/10/9,292.369995,293.910004,291.709991,292.880005,284.484955,3371700
2019/10/10,292.809998,295.859985,292.619995,294.950012,286.495636,3530700
2019/10/11,297.950012,300.390015,297.779999,297.890015,289.351318,4203800
2019/10/14,297.579987,298.279999,297.23999,297.690002,289.157043,1612700
2019/10/15,298.730011,301.369995,298.649994,300.619995,292.003082,3190400
2019/10/16,300.029999,300.820007,299.589996,300.070007,291.468872,3140300
2019/10/17,301.350006,301.920013,300.200012,300.910004,292.28476,2130900
2019/10/18,300.399994,301.049988,298.649994,299.600006,291.012299,2557200
2019/10/21,301.089996,301.869995,300.670013,301.75,293.100708,3784900
2019/10/22,302.299988,302.559998,300.570007,300.700012,292.080811,4540200
2019/10/23,300.390015,301.630005,300.190002,301.570007,292.925842,1767200
2019/10/24,302.570007,302.75,301.149994,302.109985,293.450348,1937800
2019/10/25,301.450012,303.899994,301.420013,303.309998,294.615967,2515700
2019/10/28,304.549988,305.559998,304.549988,305.01001,296.267303,4818200
2019/10/29,304.730011,305.940002,304.559998,304.910004,296.170135,3443100
2019/10/30,305.130005,306.220001,303.690002,305.869995,297.10257,4160900
2019/10/31,305.829987,305.829987,303.450012,304.970001,296.228363,4214800
2019/11/1,306.649994,307.950012,306.470001,307.950012,299.122986,2413100
2019/11/4,309.630005,309.76001,308.709991,309.109985,300.249725,2509600
2019/11/5,309.359985,309.649994,308.429993,308.73999,299.89032,4949800
2019/11/6,308.76001,309.140015,307.769989,308.880005,300.026306,2711200
2019/11/7,310.320007,311.179993,309.410004,309.980011,301.094788,2772000
2019/11/8,309.529999,310.690002,308.779999,310.670013,301.765015,2031000
2019/11/11,309.200012,310.269989,309,310.160004,301.269623,2232400
2019/11/12,310.5,311.75,309.890015,310.690002,301.784424,2528800
2019/11/13,309.619995,311.290009,309.399994,310.859985,301.949554,2311600
2019/11/14,310.529999,311.380005,309.839996,311.299988,302.376953,2317200
2019/11/15,312.769989,313.609985,312.019989,313.609985,304.620758,3770100
2019/11/18,313.299988,314.059998,312.799988,313.75,304.756714,2866900
2019/11/19,314.470001,314.470001,312.980011,313.679993,304.688721,3873700
2019/11/20,313.059998,313.589996,310.809998,312.519989,303.562012,4099900
2019/11/21,312.630005,312.73999,311.179993,312.070007,303.124908,2174200
2019/11/22,312.859985,312.970001,311.619995,312.73999,303.775665,2164500
2019/11/25,313.75,315.140015,313.75,315.100006,306.068024,3510100
2019/11/26,315.230011,316.040009,314.839996,315.730011,306.679993,3180700
2019/11/27,316.470001,317.279999,316.149994,317.25,308.156403,1999500
2019/11/29,316.690002,316.920013,315.850006,316.059998,307.000549,1790700
2019/12/2,316.429993,316.450012,312.950012,313.410004,304.426483,3528400
2019/12/3,310.390015,311.410004,308.880005,311.25,302.328369,2573100
2019/12/4,312.450012,313.869995,312.109985,313.179993,304.203033,2210900
2019/12/5,314.01001,314.01001,312.350006,313.839996,304.844147,3006400
2019/12/6,315.929993,317.140015,315.890015,316.640015,307.563934,4750700
2019/12/9,316.200012,317,315.619995,315.700012,306.650879,3296100
2019/12/10,315.649994,316.320007,314.609985,315.369995,306.330292,3497900
2019/12/11,315.839996,316.519989,315.410004,316.170013,307.107361,4633900
2019/12/12,316.230011,319.809998,315.970001,318.970001,309.827118,5009300
2019/12/13,318.730011,320.519989,317.839996,319.079987,309.93399,3983000
2019/12/16,319,319.980011,318.98999,319.320007,312.161865,3948000
2019/12/17,319.779999,320.070007,319.290009,319.350006,312.191223,4846300
2019/12/18,319.829987,320.059998,319.359985,319.369995,312.210754,4238700
2019/12/19,319.600006,320.809998,319.339996,320.73999,313.550049,5208100
2019/12/20,321.859985,323.350006,321.809998,322.380005,315.15329,5678400
2019/12/23,322.970001,323.040009,322.450012,322.609985,315.378113,4519500
2019/12/24,322.869995,322.929993,322.309998,322.649994,315.417206,2716300
2019/12/26,323.059998,324.329987,323.019989,324.320007,317.049774,2847400
2019/12/27,325.190002,325.190002,323.709991,324.26001,316.991119,5091400
2019/12/30,324.410004,324.48999,321.959991,322.51001,315.280365,3511400
2019/12/31,321.959991,323.559998,321.570007,323.23999,315.994019,3128900
2020/1/2,324.980011,326.320007,323.950012,326.320007,319.004974,4070500
2020/1/3,322.529999,325.059998,322.51001,323.809998,316.551239,4290400
2020/1/6,321.890015,325.140015,321.779999,325.089996,317.802521,4212000
2020/1/7,324.459991,324.970001,323.649994,324.200012,316.932495,3632500
2020/1/8,324.380005,327.209991,324.109985,325.850006,318.545532,3912100
2020/1/9,327.589996,328.170013,326.940002,328.049988,320.696167,2964600
2020/1/10,328.730011,328.899994,326.619995,327.140015,319.80661,3494600
2020/1/13,327.869995,329.429993,327.359985,329.429993,322.045227,3588100
2020/1/14,328.899994,330.070007,328.109985,328.920013,321.546692,4298700
2020/1/15,328.809998,330.48999,328.709991,329.660004,322.270081,4405100
2020/1/16,331.170013,332.399994,330.920013,332.399994,324.948669,5493100
2020/1/17,333.200012,333.649994,332.540009,333.5,326.023987,4982400
2020/1/21,332.380005,333.649994,332.309998,332.779999,325.320129,5892400
2020/1/22,333.75,334.440002,332.679993,332.850006,325.38855,4182400
2020/1/23,332.100006,333.410004,330.880005,333.26001,325.789398,7454900
2020/1/24,333.910004,334.01001,328.839996,330.230011,322.827332,4793500
2020/1/27,324.450012,326.559998,324.089996,324.869995,317.587433,6552900
2020/1/28,326.529999,329.299988,326,328.329987,320.96991,5559200
2020/1/29,329.869995,330.079987,327.920013,328.100006,320.745056,3372400
2020/1/30,325.820007,329.359985,324.959991,329.089996,321.712891,4084500
2020/1/31,328.450012,328.619995,322.179993,323.23999,315.994019,6354000
2020/2/3,324.809998,327.619995,324.730011,325.559998,318.261993,3122000
2020/2/4,329.559998,331.48999,329.220001,330.609985,323.198792,3636300
2020/2/5,333.779999,334.579987,332.200012,334.290009,326.796295,4106100
2020/2/6,335.570007,335.679993,334.290009,335.570007,328.047607,4442600
2020/2/7,334.329987,335.130005,333.119995,333.75,326.268402,4679900
2020/2/10,332.709991,336.23999,332.709991,336.220001,328.683044,3614300
2020/2/11,337.709991,338.540009,336.26001,336.839996,329.289124,5850800
2020/2/12,338.390015,339.190002,337.980011,339,331.400696,5473300
2020/2/13,337.459991,339.679993,337.100006,338.579987,330.990082,7908300
2020/2/14,339,339.26001,337.75,339.070007,331.469177,6510600
2020/2/18,338.049988,338.700012,336.75,338.26001,330.677307,3566600
2020/2/19,339.329987,340.630005,339.019989,339.880005,332.261017,2678800
2020/2/20,339.329987,340.200012,335.230011,338.48999,330.90213,3567700
2020/2/21,337,337.320007,334.100006,335.01001,327.500183,4323700
2020/2/24,324.609985,327.279999,322.700012,323.829987,316.57077,7492100
2020/2/25,325.380005,326.059998,313.079987,314.119995,307.07843,12100900
2020/2/26,315.529999,319.5,312.070007,312.910004,305.895569,11655100
2020/2/27,306.720001,311.029999,298.709991,298.709991,292.013916,11340100
2020/2/28,290.040009,297.959991,286.709991,295.910004,289.276642,19516300
2020/3/2,299.339996,310.5,295.649994,310.399994,303.441803,11780800
2020/3/3,310.76001,315.149994,298.880005,301.5,294.741333,12910300
2020/3/4,307.450012,314.75,304.709991,314.75,307.694305,7188600
2020/3/5,306.320007,309.809998,301.309998,303.76001,296.950714,6506600
2020/3/6,294.48999,300.040009,291.420013,298.700012,292.00412,9896200
2020/3/9,277.200012,285.290009,274.579987,274.799988,268.639862,14676500
2020/3/10,285.709991,289.73999,274.609985,289.549988,283.059235,14213300
2020/3/11,281.859985,283.029999,271.98999,275.470001,269.29483,9984000
2020/3/12,256.880005,267.779999,248.559998,248.960007,243.379135,22444700
2020/3/13,264.73999,272.070007,250.520004,271.549988,265.462738,24915800
2020/3/16,242.470001,257.820007,235,240.119995,234.737274,18004600
2020/3/17,245.800003,257,237.820007,255.389999,249.664993,18140900
2020/3/18,237.220001,246.889999,228.779999,241.169998,235.763748,22014200
2020/3/19,239.320007,248.25,232.940002,242.059998,236.633804,18324900
2020/3/20,244.850006,246.699997,230.699997,231.160004,225.978149,12619800
2020/3/23,230.229996,231.460007,220.279999,224.649994,219.614075,14473200
2020/3/24,236.990005,246.350006,235.970001,245.880005,240.368179,12474400
2020/3/25,245.570007,257.200012,240.490005,247.470001,243.438324,11938200
2020/3/26,250.330002,263.630005,249.899994,262.369995,258.095581,15886800
2020/3/27,254,261.630005,251.779999,254.240005,250.098038,9514700
2020/3/30,256.529999,263.200012,254.369995,262.359985,258.085724,9539800
2020/3/31,261.399994,264.100006,257,258.399994,254.190262,9561000
2020/4/1,248.759995,252.220001,244.619995,246.800003,242.779251,13680800
2020/4/2,245.919998,253.470001,245.440002,252.589996,248.474899,7510800
2020/4/3,251.490005,254.050003,246,249.020004,244.963074,6419000
2020/4/6,258.630005,267.809998,257.540009,265.799988,261.469696,9644800
2020/4/7,275.070007,276,265.700012,265.910004,261.577911,11723100
2020/4/8,268.75,276.25,266.399994,275,270.519775,5987700
2020/4/9,278.649994,282.070007,276.350006,279.119995,274.572693,11462100
2020/4/13,278,278.309998,272.290009,276.440002,271.936371,7569700
2020/4/14,281.869995,285.799988,280.799988,284.829987,280.189667,8106500
2020/4/15,278.440002,280.459991,276.309998,278.570007,274.031647,6012100
2020/4/16,280.019989,280.899994,276.619995,280.049988,275.487518,6360000
2020/4/17,286.290009,288.220001,283.309998,287.579987,282.894836,7982800
2020/4/20,283.51001,287.209991,282.26001,282.459991,277.858276,5692100
2020/4/21,277.609985,278.910004,272.920013,273.859985,269.398376,8689400
2020/4/22,279.190002,281.929993,277.799988,280.059998,275.497375,7207100
2020/4/23,281.350006,284.809998,279.670013,279.980011,275.418701,7300700
2020/4/24,281.600006,284.579987,279.390015,283.899994,279.27478,5011900
2020/4/27,286.029999,289.200012,285.549988,288.190002,283.494904,5334600
2020/4/28,291.98999,292.359985,286.350006,286.640015,281.970184,6904700
2020/4/29,292.5,295.839996,291.380005,294.130005,289.338165,7104800
2020/4/30,292.660004,293.179993,289.540009,291.160004,286.416534,11243800
2020/5/1,286.190002,286.929993,282.440002,283.529999,278.910828,6341200
2020/5/4,281.549988,284.859985,280.100006,284.630005,279.99292,4756600
2020/5/5,287.529999,290.200012,286.670013,287.140015,282.462036,5939700
2020/5/6,289.019989,289.390015,285.059998,285.25,280.602814,3434800
2020/5/7,288.700012,290.700012,288.089996,288.630005,283.927734,3779000
2020/5/8,292.059998,293.869995,290.809998,293.459991,288.679047,4342000
2020/5/11,291.209991,294.98999,290.869995,293.450012,288.66925,6128100
2020/5/12,294.730011,295.170013,287.459991,287.470001,282.786682,4748800
2020/5/13,286.959991,288.119995,279.869995,282.540009,277.936981,8599000
2020/5/14,279.839996,286.019989,275,285.920013,281.261902,8721000
2020/5/15,283.339996,287.230011,282.25,287.160004,282.481689,7109700
2020/5/18,294.089996,297.700012,293.690002,296.040009,291.21701,6021000
2020/5/19,295.339996,297.170013,292.920013,292.98999,288.216705,5323900
2020/5/20,296.809998,298.869995,296.600006,297.98999,293.135254,3890100
2020/5/21,297.790009,298.660004,294.690002,295.809998,290.990753,3865500
2020/5/22,295.519989,296.619995,294.209991,296.410004,291.581024,3699100
2020/5/26,302.98999,303.200012,299.709991,300.170013,295.279755,7299600
2020/5/27,303.160004,304.609985,297.910004,304.549988,299.588379,6809200
2020/5/28,305.820007,307.910004,303.299988,303.950012,298.998169,5877200
2020/5/29,303.470001,305.98999,300.579987,305.179993,300.208099,7085400
2020/6/1,304.640015,307.25,304.100006,306.679993,301.683685,6471000
2020/6/2,307.649994,309.230011,306.170013,309.230011,304.192139,3188000
2020/6/3,311.329987,314.320007,311.019989,313.390015,308.284363,4870400
2020/6/4,312.179993,314.119995,310.170013,312.339996,307.251495,6997200
2020/6/5,318.380005,322.450012,318.320007,320.480011,315.258881,7160800
2020/6/8,321.230011,324.549988,320.809998,324.399994,319.11499,3822900
2020/6/9,321.470001,323.540009,320.519989,322.01001,316.763947,4326400
2020/6/10,322.600006,323.559998,319.399994,320.109985,314.894867,6002800
2020/6/11,312.570007,313.100006,301.079987,301.589996,296.676605,7901500
2020/6/12,309.290009,310.140015,299.619995,305.359985,300.385193,7851700
2020/6/15,297.790009,308.049988,296.48999,306.890015,303.14212,6281200
2020/6/16,315.390015,315.5,307.51001,312.790009,308.970032,5248800
2020/6/17,313.940002,314.200012,310.690002,311.380005,307.577301,3532000
2020/6/18,309.820007,312.130005,309.359985,311.619995,307.814301,4008900
2020/6/19,315.329987,315.600006,308.380005,309.720001,305.937561,3833900
2020/6/22,309.170013,312.23999,307.950012,311.940002,308.130402,4186200
2020/6/23,314.700012,315.75,312.869995,313.209991,309.384918,3794900
2020/6/24,311.040009,311.730011,303.359985,305.299988,301.571503,5060800
2020/6/25,304.660004,308.829987,302.440002,308.5,304.732422,6432400
2020/6/26,307.350006,307.559998,300.619995,301.140015,297.462341,4969000
2020/6/29,302.559998,305.660004,300.109985,305.660004,301.927124,4065200
2020/6/30,305.179993,311.410004,305.049988,309.690002,305.907898,5475500
2020/7/1,310.73999,313.089996,310.25,311.809998,308.002045,4022800
2020/7/2,315.48999,316.910004,312.720001,313.450012,309.621979,3496500
2020/7/6,317.670013,318.649994,316.799988,318.26001,314.37326,4464500
2020/7/7,316.589996,318.75,314.600006,314.980011,311.133301,2861700
2020/7/8,315.829987,317.540009,313.940002,317.329987,313.45462,3686000
2020/7/9,318.209991,318.329987,311.890015,315.720001,311.864288,3307500
2020/7/10,315.480011,319.140015,314,318.899994,315.005402,2754700
2020/7/13,321.350006,323.970001,315.380005,316.070007,312.209991,5091400
2020/7/14,314.519989,320.589996,313.23999,320.170013,316.259918,7143600
2020/7/15,323.690002,324.320007,320.529999,323.160004,319.213409,3892300
2020/7/16,321.049988,322.5,320.350006,322.040009,318.107086,2390900
2020/7/17,323.149994,323.850006,321.01001,322.98999,319.045441,2251300
2020/7/20,322.690002,326.359985,321.899994,325.660004,321.682892,2354200
2020/7/21,327.75,328.220001,325.26001,326.25,322.265686,3109200
2020/7/22,325.910004,330.059998,325.790009,328.170013,324.162231,3177200
2020/7/23,327.720001,328.519989,322.75,324.200012,320.240723,3024200
2020/7/24,322.200012,323.269989,320.549988,322.130005,318.195984,3421400
2020/7/27,322.890015,324.690002,322.059998,324.5,320.537048,3434000
2020/7/28,323.670013,324.929993,322.140015,322.5,318.561462,2513100
2020/7/29,323.410004,327.019989,323.359985,326.380005,322.394104,2339500
2020/7/30,323.190002,325.709991,320.899994,325.26001,321.287781,3287200
2020/7/31,327.209991,327.890015,322.630005,327.820007,323.816498,4683200
2020/8/3,329.660004,330.929993,329.059998,330.109985,326.078522,2832300
2020/8/4,329.190002,331.399994,329.190002,331.299988,327.253967,3581600
2020/8/5,332.829987,333.700012,332.519989,333.450012,329.377747,2435100
2020/8/6,332.850006,335.809998,332.480011,335.709991,331.610138,3301100
2020/8/7,334.600006,336.179993,333.649994,335.950012,331.847229,3050200
2020/8/10,336.420013,337.149994,334.329987,336.959991,332.844879,2222100
2020/8/11,338.23999,338.880005,333.380005,334.140015,330.059326,3603700
2020/8/12,336.850006,339.640015,336.799988,338.799988,334.662384,2907900
2020/8/13,338,339.619995,337.179993,338.220001,334.089508,2643200
2020/8/14,337.76001,338.790009,337.049988,338.190002,334.059845,1716000
2020/8/17,339.320007,339.720001,338.869995,339.279999,335.136566,1642600
2020/8/18,339.720001,340.459991,337.980011,340,335.847748,1634600
2020/8/19,340.399994,341,338.019989,338.619995,334.484589,1911500
2020/8/20,336.730011,340.149994,336.589996,339.660004,335.511902,1804700
2020/8/21,339.230011,341.049988,338.950012,340.850006,336.687378,2063000
2020/8/24,343.519989,344.420013,342.450012,344.350006,340.144623,2084000
2020/8/25,344.959991,345.600006,343.709991,345.48999,341.27066,4004400
2020/8/26,346.109985,349.269989,345.579987,349,344.737823,3674800
2020/8/27,349.660004,351.320007,347.980011,349.76001,345.488586,3767600
2020/8/28,350.890015,352.190002,349.660004,352,347.701172,2520700
2020/8/31,351.809998,352.769989,350.51001,350.769989,346.486206,5757700
2020/9/1,351.679993,354.179993,350.700012,354.059998,349.736053,3700400
2020/9/2,356.179993,360.26001,354.929993,359.23999,354.852753,3596600
2020/9/3,357.380005,357.880005,344.019989,346.820007,342.584473,7771400
2020/9/4,347.600006,349.290009,336.26001,343.980011,339.779144,5359400
2020/9/8,338.049988,339.399994,334.230011,334.630005,330.543335,5003500
2020/9/9,338.980011,343.890015,337.980011,341.179993,337.013306,5378500
2020/9/10,343.26001,343.910004,334.209991,335.220001,331.126129,5060200
2020/9/11,337.119995,338.269989,332.350006,335.380005,331.284149,3490200
2020/9/14,338.859985,341.660004,338.320007,339.839996,335.689667,2830700
2020/9/15,342.519989,343.420013,340.410004,341.570007,337.39859,2553900
2020/9/16,342.950012,344.470001,339.950012,340.209991,336.055176,2449700
2020/9/17,334.940002,339.01001,334.339996,337.290009,333.170837,3097900
2020/9/18,338.170013,338.209991,330.640015,333.339996,329.269073,3204600
2020/9/21,328.420013,329.73999,324.350006,329.630005,325.604401,6177800
2020/9/22,331.230011,333.570007,328.5,332.970001,328.903595,2864800
2020/9/23,332.089996,332.380005,323.220001,323.75,321.249176,4366100
2020/9/24,322.320007,327.899994,320.920013,324.600006,322.092621,4232100
2020/9/25,323.73999,330.709991,322.75,329.880005,327.331848,4178300
2020/9/28,334.359985,336.100006,333.309998,335.359985,332.76947,3411200
2020/9/29,335.209991,335.899994,332.779999,333.51001,330.933807,2536400
2020/9/30,334.339996,339.470001,334.100006,336.059998,333.464111,4750900
2020/10/1,338.829987,339.869995,336.179993,338.23999,335.627258,3381600
2020/10/2,332.820007,337.089996,332.390015,335.049988,332.461884,4092600
2020/10/5,337.209991,341.119995,337.200012,340.899994,338.266693,3208500
2020/10/6,341.130005,343.350006,335.559998,336.059998,333.464111,3934700
2020/10/7,339.279999,342.799988,339.279999,341.899994,339.258972,3122000
2020/10/8,344.070007,345.029999,343.059998,344.980011,342.315216,4166900
2020/10/9,346.790009,348.540009,346.089996,348.01001,345.321808,3377000
2020/10/12,350.779999,355.25,350.279999,353.690002,350.957916,2301100
2020/10/13,353.51001,353.600006,350.329987,351.390015,348.67569,2664600
2020/10/14,351.950012,353.089996,348.369995,349.190002,346.492676,2373100
2020/10/15,344.920013,349.23999,344.309998,348.76001,346.06601,3019600
2020/10/16,350.269989,351.970001,348.339996,348.450012,345.758423,2768000
2020/10/19,349.880005,350.519989,342.299988,343.220001,340.568787,2973400
2020/10/20,344.670013,348.100006,343.890015,344.570007,341.908386,2816200
2020/10/21,344.519989,346.790009,343.630005,343.899994,341.24353,3689200
2020/10/22,344.200012,346.450012,341.880005,345.859985,343.188354,2460100
2020/10/23,347.160004,347.190002,344.359985,346.959991,344.279907,1796600
2020/10/26,343.320007,344.190002,336.809998,340.589996,337.959106,4327200
2020/10/27,340.929993,341.299988,339.160004,339.429993,336.808044,4227600
2020/10/28,333.23999,334,327.299988,327.880005,325.34729,7096200
2020/10/29,328.100006,334.540009,326.26001,331.149994,328.59201,5163500
2020/10/30,329.420013,330.820007,323.720001,327.619995,325.089294,6632500
2020/11/2,331.380005,333.529999,328.380005,331.359985,328.800385,4658500
2020/11/3,334.859985,339.429993,334.350006,337.279999,334.674683,6559400
2020/11/4,342.070007,349.190002,340.73999,344.730011,342.067139,6499100
2020/11/5,350.540009,353.450012,350.130005,351.470001,348.755035,6900500
2020/11/6,351.170013,352.76001,348.950012,351.440002,348.725311,2871800
2020/11/9,365.290009,365.690002,355.339996,355.829987,353.08139,9109200
2020/11/10,354.769989,356.420013,351.869995,355.369995,352.624939,5174100
2020/11/11,357.660004,358.859985,356.429993,357.929993,355.165131,2485800
2020/11/12,356.850006,357.690002,352.540009,354.519989,351.781494,3787800
2020/11/13,356.519989,360.190002,355.98999,359.339996,356.56427,2685300
2020/11/16,362.339996,363.869995,360.929993,363.799988,360.989807,3332400
2020/11/17,361.269989,363.23999,359.690002,361.950012,359.154114,2656600
2020/11/18,362.209991,362.820007,357.529999,357.589996,354.827789,3179100
2020/11/19,356.850006,359.5,355.48999,359.040009,356.266602,3321600
2020/11/20,358.790009,359.040009,356.529999,356.630005,353.875214,2697500
2020/11/23,358.649994,360.049988,356.170013,358.769989,355.998657,2728500
2020/11/24,361.519989,365.100006,360.600006,364.51001,361.694336,3756800
2020/11/25,364.399994,364.480011,362.799988,363.98999,361.178345,3826500
2020/11/27,365.190002,365.519989,363.970001,364.980011,362.160736,1354600
2020/11/30,364.179993,364.390015,360.5,363.320007,360.51355,4093400
2020/12/1,366.899994,368.98999,366.269989,367.320007,364.482635,3716800
2020/12/2,366.160004,368.269989,365.549988,368.100006,365.256622,4121900
2020/12/3,368.019989,369.529999,366.880005,368.029999,365.187134,3068500
2020/12/4,368.679993,371.200012,368.619995,371.190002,368.322723,4091800
2020/12/7,370.429993,370.98999,369.119995,370.5,367.638062,3162300
2020/12/8,369.070007,372.160004,369.059998,371.529999,368.660126,3491100
2020/12/9,372.279999,372.420013,367.329987,368.279999,365.435211,3758200
2020/12/10,366.75,369.209991,365.809998,368.079987,365.236755,3151100
2020/12/11,366.269989,367.929993,364.619995,367.619995,364.780304,4501600
2020/12/14,368.440002,369.570007,364.209991,364.350006,363.125885,3797600
2020/12/15,367.140015,369.350006,365.690002,369.309998,368.069214,8472400
2020/12/16,369.619995,370.910004,368.630005,369.899994,368.657227,5512900
2020/12/17,371.690002,372.200012,369.869995,371.959991,370.710297,6485600
2020/12/18,372.359985,372.480011,368.359985,370.48999,369.245239,6697600
2020/12/21,366.299988,370.140015,363.380005,369.269989,368.029327,5221600
2020/12/22,369.48999,369.670013,367.420013,368.559998,367.321747,3431600
2020/12/23,369.630005,370.959991,368.700012,368.880005,367.640656,3234300
2020/12/24,369.420013,370.359985,368.809998,370.309998,369.065857,2040700
2020/12/28,373.149994,373.940002,372.440002,373.529999,372.275024,2342800
2020/12/29,375.149994,375.399994,372.200012,372.809998,371.557465,5401600
2020/12/30,373.73999,374.429993,372.950012,373.299988,372.045807,2727500
2020/12/31,373.200012,376.040009,372.600006,375.390015,374.128815,4712800
2021/1/4,376.690002,376.820007,366.160004,370.220001,368.976166,7103700
2021/1/5,369.440002,373.829987,369.440002,372.670013,371.417938,4310500
2021/1/6,371.019989,378.369995,370.459991,374.920013,373.66037,4343100
2021/1/7,377.470001,381.26001,377.279999,380.470001,379.191711,6051700
2021/1/8,382.01001,382.859985,378.48999,382.640015,381.354431,3400200
2021/1/11,379.230011,381.920013,379.130005,380.140015,378.862854,3366000
2021/1/12,380.200012,381.230011,377.769989,380.200012,378.922638,3494600
2021/1/13,380.119995,382.23999,379.23999,381.160004,379.879395,3764900
2021/1/14,381.959991,382.529999,379.429993,379.839996,378.563843,7004300
2021/1/15,378.089996,378.920013,375.079987,377.100006,375.833038,10182500
2021/1/19,379.730011,380.609985,378.149994,380.049988,378.773132,7103200
2021/1/20,382.519989,386.190002,382.109985,385.279999,383.985565,3431200
2021/1/21,385.890015,386.380005,384.670013,385.619995,384.324402,3556700
2021/1/22,383.730011,385.5,383.26001,384.309998,383.018829,3739800
2021/1/25,385.119995,386.179993,379.880005,385.839996,384.543671,3890100
2021/1/26,386.809998,387.200012,385,385.269989,383.975586,2219200
2021/1/27,381.630005,381.700012,373.429993,375.869995,374.607178,5592600
2021/1/28,377.76001,383.339996,377.299988,379.049988,377.776489,5677800
2021/1/29,377.059998,378.01001,369.649994,371.519989,370.27179,5001300
2021/2/1,375.170013,378.75,372.700012,377.600006,376.33136,4393200
2021/2/2,381.029999,384.640015,380.970001,382.959991,381.67334,3672300
2021/2/3,383.869995,385.109985,381.910004,383.26001,381.972351,3247000
2021/2/4,384.420013,387.640015,384.200012,387.600006,386.29776,1959700
2021/2/5,389.690002,389.890015,387.950012,389.119995,387.812653,2559900
2021/2/8,390.73999,392.049988,389.859985,392.049988,390.732819,3315300
2021/2/9,391.109985,392.350006,386.329987,391.720001,390.403931,4725500
2021/2/10,393.600006,393.730011,388.98999,391.559998,390.244446,2566000
2021/2/11,392.769989,393.149994,389.589996,392.220001,390.902252,3112800
2021/2/12,391.299988,394.380005,391.23999,394.179993,392.855652,1945900
2021/2/16,395.48999,395.649994,393.029999,393.869995,392.546692,2379300
2021/2/17,391.899994,394.089996,390.799988,393.920013,392.596558,2418900
2021/2/18,391.019989,392.98999,389.209991,392.25,390.932129,2840100
2021/2/19,393.589996,393.829987,391.029999,391.51001,390.194641,3051200
2021/2/22,388.5,391.079987,388.220001,388.529999,387.22464,2878300
2021/2/23,386.089996,390.380005,381.619995,388.940002,387.63327,4439600
2021/2/24,387.720001,393.670013,386.73999,393.209991,391.888916,3386600
2021/2/25,391.859985,393.329987,382.190002,383.779999,382.490601,6216300
2021/2/26,385.790009,387.019989,379.609985,381.769989,380.487335,6449900
2021/3/1,387.179993,392.380005,387.01001,391.029999,389.716248,3900900
2021/3/2,391.309998,391.51001,387.769989,388.019989,386.716339,4496700
2021/3/3,387.269989,388.25,382.730011,382.839996,381.553741,5393300
2021/3/4,382.619995,385.420013,373.26001,378.100006,376.829681,7539300
2021/3/5,381.869995,386.209991,374.019989,385.070007,383.776276,6515500
2021/3/8,386.079987,389.130005,382.829987,383.190002,381.902588,3882900
2021/3/9,387.299988,391.369995,386.790009,388.589996,387.284424,3585600
2021/3/10,391.170013,392.869995,389.640015,390.970001,389.656433,3424100
2021/3/11,393.730011,397.140015,393.230011,394.98999,393.662933,2815400
2021/3/12,393.570007,395.720001,392.670013,395.609985,394.280853,3389300
2021/3/15,395.839996,398.220001,393.549988,398.01001,396.672791,2327600
2021/3/16,398.609985,399.359985,396.579987,397.450012,396.114685,3393800
2021/3/17,396.040009,399.649994,394.809998,398.75,397.410309,4500300
2021/3/18,395.98999,398.23999,392.25,392.929993,391.609863,4822200
2021/3/19,392.679993,394.329987,389.920013,392.200012,390.882324,6090000
2021/3/22,392.820007,396.859985,392.76001,395.299988,393.971893,3791600
2021/3/23,394.690002,396.23999,391.410004,392.220001,390.902252,5846500
2021/3/24,393.769989,395.540009,390.209991,390.209991,388.898987,6597400
2021/3/25,387.410004,392,385.339996,391.119995,391.119995,5574700
2021/3/26,392.380005,397.890015,391.76001,397.450012,397.450012,3625900
2021/3/29,395.859985,398.200012,394.269989,397.25,397.25,3798400
2021/3/30,395.910004,396.899994,394.5,396.269989,396.269989,3612900
2021/3/31,396.799988,399.480011,396.790009,397.820007,397.820007,5233300
2021/4/1,399.880005,402.200012,399.660004,402.079987,402.079987,7301000
2021/4/5,404.98999,408.480011,404.910004,407.850006,407.850006,5645400
